{
"peliculas":[
	{"titulo":"Star Wars I","link":"star-wars-1","precio":"25","poster":"/server.wsgi/static/images/star_wars_la_amenaza_fantasma-.jpg","imgfondo":"/server.wsgi/static/images/fondo-SW1.jpg","director":"George Lucas","estreno":"20 de agosto de 1999 (España)","desc":"La República Galáctica está sumida en el caos. Los impuestos de las rutas comerciales a los sistemas estelares exteriores están en disputa. Esperando resolver el asunto con un bloqueo de poderosas naves de guerra, la codiciosa Federación de Comercio ha detenido todos los envíos al pequeño planeta de Naboo. Mientras el Congreso de la República debate interminablemente esta alarmante cadena de acontecimientos, el Canciller Supremo ha enviado en secreto a dos Caballeros Jedi, guardianes de la paz y la justicia en la galaxia, para resolver el conflicto."},
	{"titulo":"Star Wars II","link":"star-wars2","precio":"15","poster":"/server.wsgi/static/images/Ataque_dos_clones_poster.jpg","imgfondo":"/images/fondo-SW2.jpg","director":"George Lucas","estreno":"16 de mayo de 2002","desc":"En el Senado Galáctico reina la inquietud. Varios miles de sistemas solares han declarado su intención de abandonar la República. Este movimiento separatista, liderado por el misterioso Conde Dooku, ha provocado que al limitado número de Caballeros Jedi les resulte difícil mantener la paz y el orden en la galaxia. La senadora Amidala, la antigua reina de Naboo, regresa al Senado Galáctico para dar su voto en la crítica cuestión de crear un EJÉRCITO DE LA REPÚBLICA que ayude a los desbordados Jedi."},
	{"titulo":"Star Wars III","link":"star-wars-3","precio":"40","poster":"/server.wsgi/static/images/Ep3_poster.jpg","imgfondo":"/images/fondo-SW3.jpg","director":"George Lucas","estreno":"19 de mayo de 2005","desc":"¡Guerra! La República sedesmorona bajo los ataques del despiadado Lord Sith, el Conde Dooku. Hay héroes en ambos bandos. El mal está por doquier. En una contundente jugada, el diabólico líder droide, el General Grievous, ha irrumpido en la capital de la República y ha secuestrado al Canciller Palpatine, líder del Senado Galáctico. Mientras el ejército droide separatista trata de huir de la capital sitiada con su valioso rehén, dos Caballeros Jedi lideran una misión desesperada para rescatar al Canciller cautivo."},
	{"titulo":"Rogue One","link":"rogue-one","precio":"30","poster":"/server.wsgi/static/images/rogue-one.jpg","imgfondo":"/images/fondo-RogueOne.jpeg","director":"Gareth Edwards","estreno":"16 de diciembre de 2016 (EU)","desc":"El Imperio Galáctico ha terminado de construir el arma más poderosa de todas, la Estrella de la muerte, pero un grupo de rebeldes decide realizar una misión de muy alto riesgo: robar los planos de dicha estación antes de que entre en operaciones, mientras se enfrentan también al poderoso Lord Sith conocido como Darth Vader, discípulo del despiadado Emperador Palpatine. Film ambientado entre los episodios III y IV de Star Wars. "},
	{"titulo":"Star Wars IV","link":"SW4","precio":"25","poster":"/server.wsgi/static/images/episodio4.jpg","imgfondo":"/images/fondo-SW4.jpg","director":"George Lucas","estreno":"25 de mayo de 1977 (Versión original)","desc":"Para ir a Tatooine y liberar a Han Solo, Luke Skywalker y la princesa Leia deben infiltrarse en la peligrosa guarida de Jabba the Hutt, el gángster más temido de la galaxia. Una vez reunidos, el equipo recluta a tribus de Ewoks para combatir a las fuerzas imperiales en los bosques de la luna de Endor. Mientras tanto, el Emperador y Darth Vader conspiran para atraer a Luke al lado oscuro, pero el joven está decidido a reavivar el espíritu del Jedi en su padre. La guerra civil galáctica termina con un último enfrentamiento entre las fuerzas rebeldes unificadas y una segunda Estrella de la Muerte, indefensa e incompleta, en una batalla que decidirá el destino de la galaxia. "},
	{"titulo":"Star Wars V","link":"SW5","precio":"25","poster":"/server.wsgi/static/images/star_wars_episode_v.jpg","imgfondo":"/images/fondo-SW5.jpg","director":"Irvin Kershner","estreno":"21 de mayo de 1980 (Versión Original)","desc":"Son tiempos adversos para la rebelión. Aunque la Estrella de la Muerte ha sido destruida, las tropas imperiales han hecho salir a las fuerzas rebeldes de sus bases ocultas y las han persiguen a través de la galaxia. Tras escapar de la terrible Flota Imperial, un grupo de guerreros de la libertad, encabezados por Luke Skywalker, ha establecido una nueva base secreta en el remoto mundo helado de Hoth. El malvado Lord Darth Vader, obsesionado por encontrar al joven skywalker, ha eviado miles de sondas espaciales hacía las infinitas distancias del espacio."},
	{"titulo":"Star Wars VI","link":"SW6","precio":"30","poster":"/server.wsgi/static/images/star_wars_episode_vi.jpg","imgfondo":"/images/fondo-SW6.jpg","director":"Richard Marquand","estreno":"25 de mayo de 1983 (Versión Original)","desc":"Para ir a Tatooine y liberar a Han Solo, Luke Skywalker y la princesa Leia deben infiltrarse en la peligrosa guarida de Jabba the Hutt, el gángster más temido de la galaxia. Una vez reunidos, el equipo recluta a tribus de Ewoks para combatir a las fuerzas imperiales en los bosques de la luna de Endor. Mientras tanto, el Emperador y Darth Vader conspiran para atraer a Luke al lado oscuro, pero el joven está decidido a reavivar el espíritu del Jedi en su padre. La guerra civil galáctica termina con un último enfrentamiento entre las fuerzas rebeldes unificadas y una segunda Estrella de la Muerte, indefensa e incompleta, en una batalla que decidirá el destino de la galaxia. "},
	{"titulo":"Star Wars VII","link":"SW7","precio":"30","poster":"/server.wsgi/static/images/Star_Wars_Episode_VII_The_Force_Awakens.jpg","imgfondo":"/images/fondo-SW7.jpg","director":"J.J. Abrams","estreno":"18 de diciembre de 2015","desc":"Treinta años después de la victoria de la Alianza Rebelde sobre la segunda Estrella de la Muerte (hechos narrados en el Episodio VI: El retorno del Jedi), la galaxia está todavía en guerra. Una nueva República se ha constituido, pero una siniestra organización, la Primera Orden, ha resurgido de las cenizas del Imperio Galáctico. A los héroes de antaño, que luchan ahora en la Resistencia, se suman nuevos héroes: Poe Dameron, un piloto de caza, Finn, un soldado desertor de la Primera Orden, Rey, una joven chatarrera, y BB-8, un androide rodante. Todos ellos luchan contra las fuerzas del Mal: el Capitán Phasma, de la Primera Orden, y Kylo Ren, un temible y misterioso personaje que empuña un sable de luz roja."},
	{"titulo":"Star Wars VIII","link":"SW8","precio":"20","poster":"/server.wsgi/static/images/cartel-SWLosultimosjedi.jpg","imgfondo":"/images/fondo-SW8.jpg","director":"Rian Johnson","estreno":"15 de diciembre de 2017 (España)","desc":"La Primera Orden ha acorralado a los últimos miembros de la resistencia. Su última esperanza es que Finn se introduzca en la nave de Snoke y desactive el radar que les permite localizarlos. Mientras él trata, en compañía de una soldado de la Resistencia, de cumplir esta misión imposible, Rey se encuentra lejos, intentando convencer a Luke Skywalker de que la entrene y la convierta en la última jedi."}	
]
}
