{"films": [{"date": "31/10/18", "purchase": "2018-10-31 23:05:57.587154", "price": 80, "films": [{"price": 25, "name": "Star Wars I", "number": "1"}, {"price": 15, "name": "Star Wars II", "number": "1"}, {"price": 40, "name": "Star Wars III", "number": "1"}]}, {"date": "31/10/18", "purchase": "2018-10-31 23:06:25.429658", "price": 370, "films": [{"price": 200, "name": "Star Wars III", "number": "5"}, {"price": 60, "name": "Rogue One", "number": "2"}, {"price": 25, "name": "Star Wars IV", "number": "1"}, {"price": 25, "name": "Star Wars V", "number": "1"}, {"price": 60, "name": "Star Wars VII", "number": "2"}]}]}